rocks,total missed,2021-03-27,2021-03-28,2021-03-29,2021-03-30,2021-03-31,2021-04-01,2021-04-02,2021-04-03,2021-04-07,2021-04-08,2021-04-09,2021-04-10,2021-04-11,2021-04-12,2021-04-13,2021-04-14,2021-04-15,2021-04-16,2021-04-17,2021-04-18,2021-04-19,2021-04-20,2021-04-21,2021-04-22,2021-04-23,2021-04-24,2021-04-25,2021-04-26,2021-04-27,2021-04-28,2021-04-29,2021-04-30,2021-05-01,2021-05-02,2021-05-03,2021-05-04,2021-05-05,2021-05-06,2021-05-07,2021-05-08,2021-05-09,2021-05-10,2021-05-11,2021-05-12,2021-05-13,2021-05-14,2021-05-15,2021-05-16,2021-05-17,2021-05-18,2021-05-19,2021-05-20,2021-05-21,2021-05-22,2021-05-23,2021-05-24,2021-05-25,2021-05-26,2021-05-27,2021-05-28,2021-05-29,2021-05-30,2021-05-31,2021-06-01,2021-06-02,2021-06-03,2021-06-04,2021-06-05,2021-06-06,2021-06-07,2021-06-08,2021-06-09,2021-06-10,2021-06-11,2021-06-12,2021-06-13,2021-06-14,2021-06-15,2021-06-16,2021-06-17,2021-06-18,2021-06-19,2021-06-20,2021-06-21,2021-06-22,2021-06-23,2021-06-24,2021-06-25,2021-06-26,2021-06-27,2021-06-28,2021-06-29,2021-06-30,2021-07-01,2021-07-02,2021-07-03,2021-07-04,2021-07-05,2021-07-06,2021-07-07,2021-07-08,2021-07-09,2021-07-10,2021-07-11,2021-07-12,2021-07-13,2021-07-14,2021-07-15,2021-07-16,2021-07-17,2021-07-18,2021-07-19,2021-07-20,2021-07-21,2021-07-22,2021-07-23,2021-07-24,2021-07-25,2021-07-26,2021-07-27,2021-07-28,2021-07-29,2021-07-30,2021-07-31,2021-08-01,2021-08-02,2021-08-03,2021-08-04,2021-08-05,2021-08-06,2021-08-07,2021-08-08,2021-08-09,2021-08-10,2021-08-11,2021-08-12,2021-08-13,2021-08-14,2021-08-15,2021-08-16,2021-08-17,2021-08-18,2021-08-19,2021-08-20,2021-08-21,2021-08-22,2021-08-23,2021-08-24,2021-08-25,2021-08-26,2021-08-27,2021-08-28,2021-08-29,2021-08-30,2021-08-31,2021-09-01,2021-09-02,2021-09-03,2021-09-04,2021-09-05,2021-09-06,2021-09-07,2021-09-08,2021-09-09,2021-09-10,2021-09-11,2021-09-12
Apatite,944,81,34,43,32,15,2,11,25,7,10,3,16,2,27,7,1,0,6,11,2,3,2,2,1,6,0,2,3,7,13,0,3,1,0,0,7,3,0,6,9,7,8,2,0,0,0,3,0,3,1,0,0,0,0,0,2,0,4,0,1,0,0,1,0,5,1,0,3,1,1,2,1,1,6,2,0,2,5,5,6,2,3,0,0,1,0,3,4,38,32,14,1,4,0,1,3,36,11,2,5,0,3,1,1,0,0,1,2,1,0,0,0,11,1,4,4,0,0,4,0,0,1,0,0,0,2,1,1,1,0,3,2,2,0,2,1,1,0,1,4,2,13,4,0,1,1,0,13,18,28,5,38,10,11,9,5,11,0,14,11,22,8,8,8,5,3,5
Diatomite,864,68,40,18,3,5,1,17,5,5,2,4,3,0,7,12,0,1,3,1,8,3,1,5,0,3,2,0,2,7,10,0,1,1,0,0,0,5,4,3,4,4,2,5,2,0,0,0,0,0,2,1,0,0,0,0,0,0,0,1,0,0,0,1,1,0,0,0,2,1,2,14,1,7,2,4,0,9,1,2,16,4,3,0,3,3,0,8,1,69,20,21,3,3,1,0,1,22,6,3,7,2,4,0,1,1,2,1,0,0,0,0,2,13,2,4,3,0,2,6,0,1,1,2,0,0,1,2,1,1,0,2,1,2,2,1,1,1,2,3,4,4,26,2,0,4,0,0,10,25,17,18,25,4,9,1,0,7,3,43,9,14,5,12,10,7,13,13
Celestine,828,63,17,5,15,5,5,1,50,1,3,23,11,6,9,14,0,0,5,0,2,17,5,5,0,6,0,2,6,1,3,1,0,1,1,0,4,5,2,2,10,8,5,2,4,3,1,8,0,1,1,3,0,1,0,2,0,0,3,0,6,4,2,5,2,3,0,0,1,0,5,7,0,5,13,6,0,4,4,1,2,5,2,2,3,2,0,1,0,42,16,32,0,0,2,9,6,5,12,2,4,6,1,0,1,1,0,2,0,2,0,0,0,1,3,1,3,0,0,5,3,1,3,1,0,1,0,3,1,1,0,1,2,5,1,0,1,1,2,0,3,5,17,0,2,1,5,1,6,14,4,8,36,9,6,4,2,6,1,15,12,11,7,8,8,9,6,6
Barite,771,62,44,32,27,8,6,11,26,2,3,8,3,12,7,8,0,0,2,0,0,8,7,6,0,4,2,0,5,7,7,3,4,1,0,0,3,6,3,2,4,5,3,4,3,0,3,1,1,0,0,0,0,0,0,0,0,0,5,4,0,2,0,0,1,4,1,0,0,2,2,5,1,5,7,5,2,2,3,3,9,4,0,0,0,0,0,2,2,32,9,19,1,3,0,2,3,4,0,2,3,3,3,0,10,0,0,0,0,1,1,1,0,1,2,2,5,0,4,0,2,2,1,0,0,5,0,2,0,9,0,0,2,7,2,11,0,4,2,3,3,2,8,3,1,1,0,0,8,4,3,22,38,7,2,1,1,4,0,9,10,9,4,14,11,10,0,9
Mica Schist,702,44,26,11,16,2,7,5,15,0,4,3,3,13,5,18,0,0,0,3,1,10,3,0,0,3,1,0,0,5,8,1,1,3,1,0,1,5,1,2,8,2,4,3,0,0,0,1,0,0,1,2,2,0,0,0,0,1,8,4,0,1,0,0,2,8,0,0,0,2,4,7,0,8,14,18,11,2,3,0,5,9,2,0,2,0,0,1,5,28,14,15,0,1,0,1,1,7,7,0,3,3,3,0,2,0,0,0,1,4,0,1,0,2,0,6,4,0,1,4,1,2,1,0,0,0,0,1,1,0,0,1,4,5,1,1,0,2,2,1,0,2,3,2,1,2,1,0,4,25,5,25,17,15,4,5,1,6,1,15,4,21,5,6,16,2,6,16
Selenite,677,35,29,19,20,9,1,22,26,0,9,7,3,3,5,17,0,0,4,2,2,0,5,0,0,6,0,0,9,4,7,1,0,2,0,0,0,2,2,14,8,3,5,1,2,0,0,7,0,1,2,0,1,0,0,0,0,0,2,0,1,4,5,0,1,2,0,0,1,3,7,8,3,7,6,2,0,2,4,1,6,3,0,1,0,1,1,1,1,30,11,23,1,4,5,1,3,5,7,1,4,2,1,0,4,1,1,0,0,0,0,0,0,3,0,0,3,0,0,2,3,1,2,0,0,0,0,1,0,1,0,0,1,2,0,3,1,2,4,1,2,3,10,5,0,2,0,1,7,7,20,8,11,13,3,2,2,1,1,26,6,4,2,12,9,4,2,12
Dolomite,664,61,22,19,6,11,1,4,11,2,7,12,1,3,14,12,0,1,4,2,2,2,4,1,0,4,0,2,5,2,4,0,1,0,0,0,0,8,1,5,8,2,0,3,1,0,0,1,0,0,0,1,0,1,0,0,1,1,3,3,2,2,3,2,0,4,0,0,0,2,2,8,3,5,10,2,0,4,4,5,3,0,2,0,4,1,0,0,7,26,11,32,1,0,0,2,2,7,10,3,2,0,3,0,1,0,0,2,0,0,0,1,0,4,1,3,1,0,0,1,2,0,3,0,0,0,0,1,0,0,4,7,3,4,0,3,0,2,5,0,1,1,5,2,0,2,0,0,15,16,2,2,25,2,11,9,1,1,2,17,10,26,4,3,10,3,4,9
Rhyolite,652,43,41,11,35,9,2,4,11,0,8,0,0,5,14,6,0,0,0,3,1,3,2,3,0,1,0,0,2,5,4,1,0,1,0,0,1,7,0,6,3,1,5,2,0,1,1,2,2,0,0,0,0,0,0,0,0,0,3,2,0,4,1,0,0,4,0,0,1,1,7,4,0,3,5,9,4,3,1,3,7,0,0,2,1,2,0,6,2,30,19,20,0,3,1,1,3,8,13,3,16,1,3,0,0,0,0,0,0,0,0,0,1,4,0,6,2,0,0,8,0,2,3,2,0,0,0,1,0,0,0,1,1,0,1,1,0,0,1,1,2,1,10,1,0,0,0,0,8,15,5,14,25,3,8,0,2,2,2,8,4,16,5,8,12,6,3,15
Calcite,650,15,24,19,14,1,0,34,22,4,1,2,12,19,31,11,0,0,2,7,1,3,8,2,0,2,1,0,2,3,8,2,2,1,0,0,0,9,0,7,9,2,2,2,1,0,0,0,0,0,0,0,1,0,0,0,0,2,0,2,0,4,0,2,0,2,0,0,0,0,0,3,1,3,11,6,4,3,2,2,6,4,2,1,0,1,0,0,1,20,15,15,1,5,0,1,1,12,9,0,2,5,0,1,1,0,0,0,0,0,0,0,3,4,1,5,1,1,0,2,4,2,1,0,0,0,1,1,1,2,0,3,1,3,1,1,2,1,2,0,3,5,13,2,1,2,0,0,3,7,5,11,28,9,1,1,2,3,1,18,7,11,1,5,4,6,4,18
Topaz,648,42,26,36,40,2,5,6,24,0,10,3,1,6,8,26,1,0,1,1,1,0,2,1,0,3,1,1,1,4,1,1,4,3,1,0,0,4,0,0,6,10,2,0,3,0,1,3,0,0,0,5,0,0,1,1,0,0,3,3,0,0,2,1,0,1,0,0,0,2,1,2,0,7,11,0,2,5,0,2,3,3,1,2,0,0,0,2,4,42,16,16,2,0,0,0,0,6,12,0,2,1,1,0,0,0,0,1,0,0,0,1,0,1,0,1,1,0,0,1,0,1,1,0,0,0,0,0,1,2,6,1,2,4,1,1,0,1,3,0,0,1,11,1,1,1,3,0,1,3,15,15,12,5,5,3,0,5,2,15,13,20,6,15,5,2,2,3
Sphalerite,647,27,22,14,21,2,5,13,27,1,2,4,7,3,8,7,0,0,1,0,2,0,9,3,1,6,1,0,5,7,6,0,0,0,0,1,0,2,2,10,3,5,4,0,0,0,0,1,0,0,0,0,0,0,0,0,0,1,6,0,1,5,0,4,0,2,0,0,1,1,5,3,1,8,7,24,3,1,4,1,3,3,4,3,5,0,0,2,2,39,12,16,4,3,0,2,2,19,0,1,4,2,1,0,0,1,0,1,0,1,0,1,0,5,1,1,0,0,0,2,2,2,2,0,0,3,1,0,0,0,0,0,0,4,0,2,0,3,0,0,4,1,9,1,2,1,1,6,14,5,6,11,12,7,13,7,2,8,3,19,8,2,9,4,7,1,3,12
Phyllite,647,57,34,20,6,3,2,2,19,0,5,2,1,0,4,4,0,0,2,2,0,14,4,2,0,1,1,1,6,6,7,8,2,1,1,3,2,4,2,2,2,6,3,1,0,0,3,2,0,0,0,0,0,0,0,0,0,2,0,0,1,1,1,0,0,3,0,0,2,0,4,8,1,9,10,3,4,5,6,1,4,3,0,2,0,0,1,2,3,24,13,25,2,3,0,1,3,13,1,0,4,0,0,0,1,0,0,0,0,1,0,0,0,1,1,2,1,0,0,5,0,1,0,0,0,0,1,0,0,1,0,0,1,5,0,2,0,1,2,0,0,1,15,1,1,3,5,1,3,14,6,24,12,11,9,2,0,0,4,33,14,15,1,5,12,6,1,10
Dolostone,642,55,52,28,6,4,2,2,17,0,6,9,5,4,7,18,3,1,0,3,1,3,9,5,0,3,0,1,1,10,1,3,4,1,1,0,1,3,1,2,2,2,7,2,2,0,1,4,0,2,0,1,0,0,0,0,0,0,1,2,0,6,0,2,1,1,0,0,2,1,2,3,3,3,5,1,1,1,2,0,13,7,2,2,1,1,0,0,3,35,32,3,0,8,0,1,5,16,8,4,7,0,3,0,0,0,0,1,1,0,0,0,0,1,0,5,3,0,0,2,0,1,1,1,0,0,0,6,1,0,0,0,3,5,0,0,0,0,0,1,3,0,11,3,0,1,1,3,5,5,4,10,9,6,2,1,0,2,7,7,8,8,1,4,10,4,0,12
Augite,639,21,20,19,11,10,0,2,24,1,5,2,0,2,3,10,1,0,4,0,2,4,2,8,1,9,0,2,1,3,3,1,2,1,0,0,0,0,1,3,5,1,6,1,1,0,0,6,0,7,0,0,0,1,0,0,0,0,5,11,0,0,0,1,0,1,0,0,0,4,2,6,4,9,3,8,0,5,2,0,5,1,1,0,2,1,0,1,1,51,13,11,4,0,0,0,2,13,5,1,6,0,0,1,0,0,0,0,0,0,0,0,0,1,1,2,4,0,4,4,0,1,1,0,0,3,0,3,2,3,0,1,3,5,0,1,2,1,0,2,1,8,5,3,0,3,0,3,4,16,20,10,12,4,12,10,3,2,1,21,7,7,2,16,16,4,6,13
Quartzite,629,57,40,2,16,11,3,15,13,3,12,3,4,10,15,5,2,0,4,0,2,5,8,7,0,2,0,3,0,1,1,0,2,0,0,0,0,3,1,1,1,2,1,0,0,0,1,4,0,3,1,1,0,0,0,1,1,0,4,0,2,1,1,6,0,2,0,0,0,1,2,2,0,2,2,5,1,2,4,1,3,0,0,2,0,0,0,2,1,29,15,21,0,1,0,1,5,4,10,0,7,4,0,0,2,1,0,0,1,2,1,0,0,1,2,2,1,0,0,6,1,5,1,1,0,0,4,1,0,0,1,0,0,1,1,2,0,2,0,3,3,2,11,2,3,1,0,1,4,14,3,4,25,8,6,3,0,8,0,17,11,10,10,6,0,5,5,15
Muscovite,626,26,36,32,33,11,1,1,16,0,6,4,1,6,16,7,0,0,1,1,2,9,6,0,0,2,0,1,5,6,7,0,1,1,0,0,0,7,5,4,5,2,6,1,3,0,1,0,0,5,0,0,0,1,0,0,0,1,0,6,0,3,2,1,0,3,0,0,0,2,1,1,1,8,9,6,0,3,0,0,11,4,0,0,0,0,0,2,2,38,14,15,4,0,1,0,1,6,2,2,8,2,1,0,4,0,1,0,1,0,1,1,0,1,0,2,0,0,0,3,1,0,3,0,0,0,0,2,0,7,0,1,4,2,1,5,0,0,0,1,3,2,16,5,4,0,1,0,6,5,1,11,14,5,0,6,1,2,1,17,10,7,4,7,7,2,4,6
Andesite,617,29,30,11,18,3,1,3,18,4,1,4,0,2,3,3,0,0,1,1,4,0,8,6,0,5,1,2,3,5,4,0,0,1,0,0,0,0,4,1,8,6,4,0,0,2,1,5,0,0,1,2,0,0,0,0,0,1,0,2,1,0,3,1,1,2,0,0,1,1,1,8,0,2,6,3,1,2,2,1,11,0,1,2,5,0,0,2,4,29,11,11,4,1,0,2,0,18,4,0,4,0,2,0,0,1,0,2,0,1,0,1,0,5,0,3,3,0,0,3,0,5,2,3,0,4,0,1,1,1,1,1,3,5,0,7,1,1,2,0,3,2,6,1,2,1,0,3,16,11,14,9,31,8,6,2,1,7,2,7,12,16,3,2,17,4,8,11
Sodalite,612,19,38,26,15,6,12,27,24,1,13,4,7,0,1,7,0,0,5,4,1,6,6,10,0,1,1,0,5,5,2,0,1,1,3,0,0,4,1,3,7,0,5,1,0,1,1,2,0,1,1,1,0,0,0,0,0,0,6,0,0,0,0,1,0,0,0,0,1,2,7,5,2,4,5,0,3,3,5,1,1,0,1,2,1,1,0,2,2,20,18,17,0,2,1,2,1,9,2,0,3,2,4,0,1,0,2,0,0,1,1,0,1,4,1,6,5,0,0,2,0,0,1,0,0,1,0,1,3,3,0,2,1,4,1,1,1,1,2,0,1,0,8,1,2,2,5,2,0,6,4,5,36,5,1,0,0,3,0,13,7,14,2,4,8,1,9,12
Microcline,607,50,64,12,6,9,6,9,20,1,13,4,1,7,5,3,0,0,0,1,3,3,1,4,0,2,2,3,4,2,8,3,4,1,0,0,0,2,0,3,7,1,4,0,2,0,1,3,0,0,0,0,0,0,0,0,1,0,1,1,1,0,0,0,0,3,0,0,1,2,2,1,0,5,4,8,1,2,6,0,3,2,2,0,0,0,0,2,3,49,19,12,0,2,0,1,0,10,1,3,6,2,2,0,0,0,0,2,0,0,1,1,0,1,2,5,4,0,0,3,0,2,2,0,0,0,0,1,1,0,0,0,0,3,0,3,0,0,2,0,3,1,1,1,0,1,4,2,7,8,1,7,31,0,3,1,4,2,4,11,12,11,3,6,5,1,3,9
Anthracite,605,19,10,11,10,11,0,5,13,0,5,9,1,3,6,5,0,0,0,0,4,1,0,1,0,1,0,1,6,13,2,2,1,0,0,0,0,1,3,4,2,5,1,3,1,1,0,0,3,0,0,0,0,0,0,2,0,4,0,4,2,0,0,0,0,5,0,0,1,3,6,4,1,5,9,5,6,5,3,5,8,3,4,1,1,0,0,1,3,26,15,26,0,0,1,1,0,14,3,1,2,3,1,0,0,0,0,0,2,0,1,1,1,8,0,1,5,0,0,8,0,1,3,0,0,2,0,4,1,0,0,0,2,4,0,2,0,0,0,0,2,0,20,5,1,6,4,1,8,7,3,27,9,4,5,1,1,5,3,27,6,11,9,16,10,3,7,10
Travertine,604,25,26,29,19,8,8,16,13,4,2,1,9,0,12,11,3,1,0,0,0,6,3,0,0,3,0,1,1,1,6,1,0,0,0,0,2,2,4,8,2,1,3,2,0,0,1,5,0,0,0,1,0,0,0,0,3,0,6,1,0,0,3,1,0,0,0,0,0,3,4,3,0,4,6,2,3,2,4,5,4,2,0,1,2,0,0,1,4,48,11,21,0,1,2,3,1,2,1,1,4,2,3,0,0,0,0,0,1,0,0,1,0,0,1,3,2,0,0,5,2,0,2,0,0,1,1,2,1,2,1,0,4,3,1,0,0,0,1,0,2,0,9,2,0,3,1,0,5,6,5,12,21,4,5,2,1,4,2,25,7,6,4,6,15,6,3,10
Marble,602,42,14,3,6,5,3,6,16,0,12,6,6,2,14,10,0,1,1,5,2,3,6,5,0,2,0,1,2,6,1,0,3,2,1,0,0,3,1,6,5,1,8,3,0,0,0,4,0,0,1,1,0,0,0,0,0,0,5,1,0,1,2,1,0,1,0,0,1,2,6,3,4,6,7,12,0,3,5,3,5,1,3,0,1,0,0,1,3,39,15,17,0,0,0,1,0,1,1,1,4,2,5,0,1,0,1,2,0,0,0,0,0,3,2,1,3,0,0,3,2,1,3,0,0,1,3,2,0,0,1,1,2,2,2,3,0,0,4,0,1,2,3,3,10,2,1,2,3,8,10,14,4,1,7,4,0,0,3,33,8,17,8,9,10,1,1,12
Alabaster,599,56,13,19,20,4,2,6,23,0,5,8,6,7,0,3,0,1,0,0,0,2,0,0,0,1,2,0,2,2,5,0,3,3,0,2,3,4,2,0,4,3,2,1,4,0,1,0,0,0,1,0,0,0,1,0,0,4,0,1,0,0,0,2,0,3,0,0,0,1,1,3,1,6,1,14,0,4,1,4,4,1,2,0,0,2,0,2,4,42,19,24,6,8,0,0,3,7,14,1,4,4,1,0,1,0,1,0,1,0,0,0,1,0,0,4,4,0,0,2,2,2,0,0,0,1,1,0,0,1,0,1,2,3,0,2,0,1,0,1,1,0,4,12,1,2,0,0,5,10,5,4,17,2,8,0,0,3,3,16,12,10,2,12,10,2,4,8
Pegmatite,592,23,30,14,20,1,7,7,28,0,11,7,0,3,13,5,2,0,1,1,2,5,0,1,0,2,1,0,5,8,6,0,4,0,0,0,0,7,0,0,0,4,2,1,0,0,0,0,0,1,1,0,0,0,0,0,0,3,4,3,1,0,0,0,0,0,0,0,4,0,4,4,2,6,1,2,1,4,1,4,8,8,4,1,1,1,0,0,0,27,11,1,0,4,1,0,0,6,1,1,6,4,0,0,0,0,0,0,1,0,0,2,1,3,1,3,3,0,0,3,2,4,2,0,0,1,1,1,0,0,0,0,4,5,2,4,0,0,4,0,6,2,11,2,3,1,2,0,1,9,3,3,17,12,2,9,3,3,5,14,8,21,7,5,28,5,1,10
Chalcedony,585,23,29,13,7,3,0,4,18,0,1,3,0,3,10,6,0,0,2,1,6,1,10,2,0,1,1,1,5,7,5,0,2,0,0,0,3,5,0,9,5,3,5,2,0,0,1,2,0,0,1,1,1,0,0,0,0,0,4,2,0,0,0,1,0,0,0,0,1,0,2,1,0,6,8,2,1,2,6,6,9,4,0,0,0,2,0,1,3,42,21,12,0,0,6,2,3,6,9,1,7,3,6,0,0,0,0,0,0,0,1,1,0,2,0,6,4,1,2,6,1,1,1,0,0,0,1,2,0,0,0,0,2,4,1,3,0,0,1,0,1,3,11,0,3,2,0,0,7,10,0,2,11,6,3,1,4,23,2,23,9,17,6,3,7,2,4,4
Chert,581,24,44,14,12,6,3,18,23,0,9,2,5,2,4,3,0,0,4,1,3,3,3,0,0,2,2,1,1,1,3,0,1,0,0,0,0,2,2,1,3,0,0,1,0,0,0,0,0,5,1,1,0,0,1,0,0,0,0,0,1,1,0,1,0,1,0,0,0,2,3,4,0,2,1,3,2,5,1,0,2,0,0,1,0,0,0,1,4,38,24,11,0,1,0,1,4,14,1,0,12,1,0,0,10,0,0,1,1,1,0,1,0,3,5,6,3,0,0,2,1,1,0,0,0,4,0,1,0,1,0,0,6,2,2,4,0,1,2,0,1,0,3,4,1,0,1,0,3,5,14,25,11,8,3,0,1,6,0,23,5,22,3,7,9,2,4,9
Kaolinite,567,27,16,5,9,9,0,10,10,8,4,0,0,4,3,10,0,0,7,2,0,9,2,5,0,2,0,0,0,9,0,0,3,0,1,0,0,2,0,12,1,1,3,0,2,0,0,2,0,7,0,1,0,0,0,0,2,0,12,5,0,1,0,3,0,4,0,0,1,0,2,4,0,2,1,2,0,2,2,1,7,10,3,1,0,2,0,0,3,28,10,7,0,5,1,0,1,9,4,1,6,1,1,0,0,0,1,2,0,1,2,1,0,5,2,1,3,0,0,3,1,4,1,0,0,0,3,0,1,2,1,0,3,3,0,0,0,0,1,2,1,6,12,4,0,1,0,4,6,14,15,4,19,11,16,6,3,3,1,6,10,16,1,5,14,4,3,9
Slate,563,15,28,7,12,5,4,10,6,1,9,7,5,8,1,14,1,0,3,3,3,6,12,2,0,5,2,0,10,2,4,0,4,1,0,1,2,6,2,9,6,4,9,1,0,0,7,5,0,1,0,1,0,0,0,1,1,0,1,0,0,2,3,1,0,3,0,0,0,1,1,4,2,4,2,12,2,4,2,0,4,0,1,0,0,4,0,1,3,20,12,5,1,0,0,1,2,3,6,0,4,7,1,0,2,1,0,0,1,0,0,1,1,6,1,3,3,0,1,7,0,0,1,1,0,6,1,1,0,0,4,0,2,3,1,2,0,1,1,0,4,2,11,3,0,1,3,0,2,10,1,26,3,6,2,1,2,4,4,11,4,13,7,5,9,5,4,4
Hematite,561,28,32,7,11,12,4,15,17,3,0,2,1,3,10,12,5,0,1,2,2,2,6,1,0,3,0,0,4,6,3,0,2,1,1,1,4,3,3,15,4,1,3,3,0,0,1,1,0,1,0,3,0,0,0,0,1,0,0,0,1,2,0,2,2,4,0,0,1,1,1,2,0,2,4,3,3,2,4,3,8,1,0,1,1,0,0,1,1,33,16,26,0,6,0,0,3,7,2,2,2,0,0,0,2,0,0,0,1,1,0,2,0,5,1,4,3,0,0,6,0,1,1,0,0,4,0,1,1,0,0,0,1,4,0,1,0,0,0,0,4,1,11,7,1,1,4,1,3,12,4,7,13,1,5,1,0,1,2,9,8,5,5,7,6,5,0,11
Tremolite,560,40,30,23,19,11,3,1,36,0,1,7,5,6,6,9,1,0,5,4,5,3,4,3,0,2,0,0,2,6,6,2,3,1,0,0,0,2,2,3,1,2,5,1,0,0,0,4,0,3,2,0,0,0,0,0,0,0,0,4,1,0,0,1,0,1,0,0,0,1,6,0,1,4,2,3,0,0,4,0,8,2,0,1,2,2,0,1,2,19,9,18,0,2,0,2,1,2,0,1,2,1,0,0,0,3,1,1,0,2,0,1,1,1,1,4,2,0,0,4,1,1,1,0,0,0,1,2,1,0,0,2,3,5,6,2,0,0,0,0,2,0,0,2,3,2,2,0,1,8,2,6,14,12,7,0,1,1,5,9,5,34,4,2,7,5,1,7
Shale,559,41,12,13,5,6,2,2,16,0,3,3,0,8,9,13,1,1,4,2,6,3,6,9,0,8,1,0,3,0,5,0,1,1,0,0,0,2,0,1,8,3,9,1,1,0,1,2,0,4,0,2,0,0,0,0,1,3,0,2,0,2,1,7,4,2,0,0,1,1,1,4,1,4,10,9,1,3,9,2,9,1,1,2,2,2,0,3,2,31,18,8,2,0,1,0,1,1,0,0,4,3,3,1,0,0,2,0,0,1,2,0,3,2,0,2,0,1,0,0,0,1,3,0,0,5,1,0,1,0,1,0,0,1,0,3,1,2,1,0,4,4,14,4,1,4,2,0,3,5,8,8,30,6,0,0,3,6,2,11,8,5,2,3,3,1,2,6
Aragonite,556,13,8,9,3,3,3,16,35,1,3,2,10,2,8,11,0,0,4,0,2,2,3,2,0,4,4,1,2,11,1,2,1,0,0,0,0,5,1,2,10,1,4,9,4,1,0,3,0,5,1,1,0,3,0,0,0,0,0,6,0,5,2,3,0,3,0,0,0,1,1,5,0,3,6,6,2,1,2,2,9,1,1,1,0,0,0,1,4,31,12,13,0,3,1,1,1,7,2,6,6,0,2,0,0,0,0,1,1,1,1,0,0,3,1,9,1,0,0,2,2,0,3,0,0,0,3,1,0,0,0,4,2,5,0,1,1,1,2,0,6,2,7,1,0,2,1,0,5,10,5,11,7,11,9,1,0,5,5,11,9,4,5,7,2,6,5,8
Goethite,549,46,39,15,16,19,3,26,19,0,11,4,4,0,2,11,0,3,5,4,1,4,1,4,0,2,2,3,2,5,1,1,1,2,0,0,0,3,0,1,2,1,1,0,0,0,0,0,0,0,0,0,0,0,0,0,0,0,1,2,1,0,0,1,1,0,0,1,0,2,6,2,0,1,3,0,1,2,1,1,3,2,1,1,0,1,0,0,7,38,19,12,1,0,1,1,3,0,3,0,3,7,0,0,2,0,1,1,0,0,0,0,0,3,0,3,1,0,0,2,0,0,0,0,0,0,0,2,1,0,1,0,0,4,1,2,0,0,0,2,1,0,5,1,7,0,2,1,7,6,4,3,7,2,12,1,0,5,0,21,10,4,8,6,4,1,7,5
Chalcopyrite,549,18,10,13,8,7,2,27,13,1,6,4,2,0,6,1,3,1,4,3,3,9,2,4,0,6,2,0,3,3,5,0,2,1,1,0,0,3,1,4,5,2,3,1,0,2,1,2,0,3,2,0,0,0,0,0,0,1,2,3,1,3,1,1,1,0,0,0,2,2,0,7,0,4,5,1,0,4,1,1,3,2,0,2,0,0,0,4,3,42,10,26,5,0,0,1,1,12,1,1,5,0,1,0,1,3,1,0,1,1,0,2,0,2,0,1,3,0,0,2,2,1,2,1,0,2,0,2,2,0,1,0,0,2,0,1,1,1,1,0,1,1,3,4,0,2,0,0,7,9,19,0,3,1,0,1,2,3,7,34,7,4,9,9,12,1,4,12
Talc,547,55,12,18,34,7,0,0,30,3,11,4,4,7,2,6,0,0,2,1,6,11,3,1,0,1,1,0,2,3,1,0,3,1,0,0,0,1,1,5,5,5,1,3,3,2,2,4,0,0,1,2,0,0,0,0,0,6,0,2,0,2,0,1,0,0,0,0,1,3,5,1,2,2,3,6,0,2,1,1,1,4,2,0,0,1,0,1,2,31,17,15,2,1,0,1,3,10,3,0,0,1,2,0,2,0,0,1,2,0,0,0,0,2,1,3,0,0,0,0,0,1,0,0,0,1,1,1,0,0,0,0,3,4,1,0,1,1,2,1,3,3,9,0,1,0,2,0,0,1,6,4,24,4,1,0,5,1,2,10,12,2,3,6,3,9,1,8
Corundum,533,37,22,13,9,10,2,16,25,0,11,7,1,3,5,5,4,0,0,0,3,8,11,10,0,3,1,0,3,3,2,6,0,2,0,0,0,3,1,0,6,1,7,1,0,0,0,0,0,0,0,1,0,0,0,0,0,1,4,0,0,2,1,0,0,0,0,0,0,2,2,6,0,5,9,2,0,4,2,1,5,0,0,2,0,0,0,3,3,37,14,17,0,0,0,0,2,13,3,2,1,0,0,0,1,0,0,1,0,2,0,1,1,3,1,3,8,0,0,5,1,1,1,0,0,0,0,0,0,2,0,0,0,3,1,1,0,0,0,1,0,0,3,1,0,2,1,2,3,9,4,3,18,5,2,0,1,2,1,14,9,9,3,7,0,3,4,5
Gabbro,529,30,25,13,12,3,1,3,15,2,1,6,2,7,1,8,1,2,0,0,1,1,6,2,0,2,1,1,3,5,5,0,2,1,2,0,0,3,2,3,7,4,1,0,0,0,1,0,1,0,2,2,0,0,0,0,0,0,1,0,0,0,5,1,0,0,0,0,0,0,4,7,1,4,5,5,1,2,2,2,8,0,1,0,0,0,0,0,5,35,10,9,0,3,0,2,1,11,2,1,11,0,1,0,0,0,0,2,2,0,0,2,1,5,0,3,4,0,0,7,1,4,1,0,0,0,0,3,0,0,6,1,1,4,0,3,0,0,0,2,8,1,6,5,0,1,2,1,3,9,5,3,12,8,6,0,1,3,6,8,7,8,3,5,17,4,2,13
Conglomerate,510,18,15,20,9,1,1,1,18,3,3,5,0,5,5,7,0,0,4,5,4,1,2,4,0,4,4,1,1,0,1,1,1,1,0,0,0,2,1,1,5,3,4,0,0,0,0,1,0,0,0,0,0,1,0,0,0,0,0,4,2,0,2,1,0,1,0,0,0,2,0,3,1,7,3,4,2,6,2,2,7,4,0,0,0,2,0,1,3,37,9,9,1,0,0,1,1,19,5,2,5,0,2,1,1,0,0,1,2,0,0,1,0,1,0,1,2,0,1,6,0,1,1,0,0,0,0,1,0,4,1,0,1,3,0,1,1,1,3,0,6,3,4,2,1,2,1,1,6,9,5,12,2,2,1,1,1,12,0,10,6,8,1,10,31,4,4,17
Albite,503,19,12,12,4,4,1,8,24,8,4,5,5,6,8,2,0,1,1,2,8,2,1,0,0,1,0,3,1,6,2,0,3,1,0,0,2,3,1,3,3,4,3,1,3,0,0,0,0,0,1,3,0,0,0,1,0,0,2,0,1,4,0,1,2,1,0,0,1,1,3,2,0,9,3,2,0,3,1,1,3,0,0,2,0,3,0,0,4,24,13,14,2,0,0,1,4,5,0,0,4,1,1,0,1,0,1,2,1,1,1,1,1,6,0,5,2,0,0,1,2,0,0,0,0,1,0,0,1,3,0,0,2,2,1,0,0,1,1,0,2,0,1,3,0,2,0,0,3,10,4,9,16,2,4,2,2,4,2,29,3,22,12,6,10,5,8,5
Basalt,501,54,31,4,18,9,4,7,22,6,7,0,6,0,6,8,1,0,3,6,2,7,2,5,1,4,1,7,2,2,5,1,0,0,0,0,0,3,1,4,1,1,5,1,1,0,0,2,0,0,0,0,1,1,0,0,1,0,0,2,0,5,1,1,2,0,0,0,0,2,2,11,0,3,5,1,0,0,2,2,5,1,4,0,2,0,0,5,2,22,11,13,0,0,0,0,1,8,1,0,2,0,0,1,0,0,0,0,1,1,0,0,0,2,0,4,5,0,0,0,0,0,1,0,0,0,0,1,0,0,0,0,1,0,0,2,0,3,2,0,3,2,4,0,3,1,3,1,1,8,1,7,8,4,4,1,1,3,2,5,14,10,6,4,3,0,1,8
Limonite,492,26,14,20,12,4,0,8,19,0,0,1,7,2,1,4,0,0,2,1,0,8,3,0,0,2,1,2,3,5,1,4,1,0,0,0,0,5,0,2,3,0,2,2,0,0,2,1,0,0,0,1,1,1,0,0,0,1,2,2,2,2,0,2,0,3,0,0,0,0,0,0,2,9,1,1,1,2,2,1,1,0,0,2,0,0,0,1,2,40,20,13,5,0,0,2,0,2,4,2,2,1,1,0,7,1,0,0,1,2,0,2,0,2,0,2,5,0,0,1,2,1,0,1,0,0,0,0,0,0,9,0,1,7,1,1,1,2,2,0,2,2,3,2,0,1,0,0,2,6,6,16,23,1,0,3,2,5,2,13,5,6,7,4,8,5,6,9
Graphite,489,28,26,15,8,4,0,10,13,11,9,3,0,1,3,16,0,0,1,1,6,5,6,1,0,2,0,1,1,2,6,2,1,1,1,0,2,2,3,7,4,1,5,0,0,0,1,0,0,1,3,1,0,1,0,0,0,0,0,3,2,0,0,1,0,3,0,0,0,2,4,3,0,0,3,7,0,3,1,0,8,4,1,0,2,1,0,0,4,23,3,8,1,5,3,2,1,13,3,0,1,2,0,0,1,0,1,0,1,0,0,1,0,9,0,3,2,0,0,2,0,0,1,0,0,1,0,2,0,5,0,0,0,3,1,1,1,1,2,0,4,0,0,0,1,3,1,1,3,7,5,7,9,3,0,1,3,8,2,14,8,11,7,4,4,5,1,7
Gneiss,488,13,13,12,25,7,1,5,28,0,3,4,2,0,2,11,0,0,3,1,0,1,2,1,0,7,2,0,2,0,2,1,2,1,0,1,5,2,4,3,4,1,5,0,0,0,0,8,0,1,0,0,0,0,1,0,3,1,1,0,0,2,1,3,1,5,0,0,0,3,1,12,1,2,9,0,5,2,0,0,8,1,1,0,2,0,0,1,0,16,12,7,0,2,0,1,1,10,0,3,2,3,0,0,3,0,1,2,2,3,1,0,0,3,3,1,0,0,2,0,1,0,1,0,0,3,0,0,0,0,0,0,3,1,3,2,0,1,0,0,1,3,4,2,0,0,0,0,2,11,1,0,13,0,2,1,3,3,6,28,6,24,2,13,12,2,4,1
Orthoclase,470,54,20,13,5,2,1,2,23,2,4,6,2,5,1,11,3,0,1,4,1,1,2,3,1,3,1,0,2,1,5,0,1,0,0,0,0,3,2,1,8,3,5,0,0,0,1,2,0,0,0,2,0,0,0,0,0,0,1,3,2,3,0,1,0,0,0,0,1,0,0,4,0,1,6,5,5,3,1,1,4,1,1,1,0,1,0,0,0,18,13,13,4,0,1,0,2,7,3,1,1,1,1,0,0,0,0,2,1,0,0,0,1,4,0,3,3,0,0,1,2,1,0,0,0,0,0,2,1,2,2,0,1,3,1,3,0,0,0,0,1,4,8,7,0,1,6,0,0,6,1,2,14,2,16,6,1,6,3,4,4,3,2,4,8,3,4,4
Bornite,469,10,19,22,5,12,5,5,21,3,7,4,1,8,3,10,1,0,1,1,2,2,0,0,0,3,1,0,3,4,0,0,2,2,0,0,0,1,3,3,1,4,2,0,0,1,0,0,0,1,1,1,2,0,0,0,0,4,5,0,0,2,0,0,0,0,1,0,0,2,2,0,0,6,2,2,0,4,2,2,1,1,0,1,0,0,0,2,1,26,8,12,2,0,0,3,0,1,0,2,2,2,0,0,3,0,0,1,0,3,0,2,1,4,4,3,1,0,0,1,1,1,5,0,0,1,0,0,0,1,0,0,1,5,0,1,0,1,0,0,1,0,5,0,1,0,1,0,6,2,22,6,10,4,7,4,4,4,4,29,6,9,4,8,4,1,3,9
Beryl,466,24,15,7,32,13,4,1,30,5,2,0,3,1,8,8,0,0,4,10,5,1,1,4,0,1,0,0,1,3,1,1,5,0,0,0,1,2,1,5,1,1,2,0,2,0,0,2,0,0,1,0,1,0,0,0,0,0,2,1,0,1,0,2,0,5,0,0,0,3,2,1,0,2,1,2,1,2,1,0,2,0,0,0,0,0,0,1,1,28,5,12,0,0,0,0,4,16,1,1,0,2,1,0,1,1,0,0,0,0,0,1,0,3,0,2,3,0,0,1,0,0,0,0,0,0,0,0,0,0,0,0,4,4,1,2,1,0,0,0,1,0,4,4,1,2,0,0,2,2,2,10,14,0,3,4,2,2,0,9,7,17,8,13,11,6,3,6
Hornblende,465,28,27,15,2,2,4,21,13,0,11,10,4,0,6,5,0,0,1,2,2,0,3,1,0,4,0,0,3,1,4,0,2,1,0,0,0,5,2,0,7,2,4,1,3,0,0,2,0,2,1,3,2,0,0,0,0,0,4,0,0,2,1,3,0,2,0,0,0,1,1,1,1,5,6,4,2,2,0,0,4,2,0,0,1,3,0,2,1,21,6,8,0,2,0,0,1,8,6,0,3,0,1,0,0,1,2,1,0,0,0,0,0,0,0,6,1,1,0,1,1,0,3,0,0,1,0,1,0,1,2,0,3,2,1,0,0,1,3,1,2,1,9,1,4,0,1,0,2,23,3,1,4,1,1,1,1,2,2,17,6,13,3,4,4,3,8,5
Fluorite,450,32,14,10,12,12,1,5,17,3,4,0,0,4,8,16,1,2,0,0,4,5,3,1,0,3,0,1,4,2,0,2,0,0,0,0,1,4,1,2,1,2,1,1,2,3,0,0,0,0,0,0,0,0,0,0,0,0,1,0,0,0,1,1,0,1,0,0,0,1,2,1,0,10,2,3,0,0,2,0,4,0,0,0,0,1,0,0,1,32,7,18,0,2,1,0,0,6,3,0,11,1,0,0,0,0,0,0,0,1,1,0,0,5,0,3,4,0,0,4,0,2,0,0,0,0,0,1,1,5,0,3,2,1,0,1,2,0,1,1,2,0,10,0,0,2,2,3,4,9,0,6,1,3,4,2,1,7,0,14,12,10,1,2,4,7,2,8
Bituminous Coal,445,23,18,11,2,8,1,1,8,2,1,7,0,4,2,1,1,0,0,1,1,1,2,0,0,5,2,5,4,1,4,0,1,0,0,0,0,2,5,0,2,3,4,4,0,0,0,1,0,0,1,2,0,0,0,0,1,0,7,0,0,1,3,2,2,1,0,0,0,0,3,6,0,4,8,3,0,3,2,1,5,6,1,1,0,0,0,0,0,30,16,10,0,0,0,1,1,2,3,0,4,3,0,0,0,1,0,0,0,2,0,0,0,2,1,2,1,0,0,2,0,2,1,0,0,0,1,1,1,2,1,1,0,3,0,2,0,0,0,1,3,0,10,1,0,1,2,0,1,11,14,10,5,6,1,4,3,0,3,18,5,15,7,5,8,7,3,4
Lignite,444,15,11,5,6,0,0,9,8,0,2,0,0,0,2,4,0,0,1,2,3,6,5,4,0,1,2,1,2,5,9,0,0,2,0,2,0,8,4,2,4,0,0,0,3,0,1,0,0,0,1,1,0,1,0,0,0,0,0,6,0,0,2,1,0,0,0,0,0,2,4,3,2,8,5,1,3,3,0,0,9,2,1,0,1,1,0,0,2,41,12,11,1,0,0,3,1,7,6,2,2,2,0,0,6,0,2,0,0,1,0,0,0,3,0,3,3,0,1,2,2,0,1,0,0,0,1,0,0,1,0,0,5,3,1,0,0,0,1,0,2,4,8,1,0,3,2,0,0,4,2,9,14,1,3,2,1,5,4,22,8,2,3,14,4,1,2,11
Scoria,418,37,10,5,0,3,1,1,9,0,2,4,0,5,5,11,0,1,0,0,1,4,6,0,0,3,0,0,3,0,3,0,1,0,0,0,0,3,4,1,2,0,0,0,1,1,0,2,0,0,0,0,0,1,0,0,0,3,2,1,2,0,1,1,0,4,0,0,1,0,1,9,1,4,4,7,2,6,1,2,3,5,0,0,0,0,0,2,1,28,9,9,2,0,0,0,2,14,2,0,1,1,0,0,3,0,0,0,0,0,0,0,2,3,0,2,2,0,1,3,0,0,1,0,0,0,0,0,0,0,2,0,1,2,0,3,0,0,0,0,2,2,3,2,2,0,1,1,6,5,2,14,14,2,1,1,2,0,3,18,9,5,3,3,17,2,6,6
Epidote,415,27,11,10,5,6,5,16,7,1,6,2,0,0,6,15,1,0,1,0,1,1,1,3,0,1,0,0,2,1,0,2,0,2,0,0,0,4,0,0,3,2,3,0,0,0,0,0,0,0,0,0,0,0,0,0,0,0,3,2,2,1,2,0,1,1,0,0,0,4,1,1,1,1,0,3,1,3,2,2,1,3,1,0,0,0,0,4,0,48,4,9,1,0,0,2,1,6,0,4,6,0,0,0,0,1,0,0,0,0,0,2,0,3,0,4,1,0,1,1,1,0,2,0,0,5,1,1,0,0,7,0,1,3,0,2,0,2,2,0,1,1,5,3,0,0,0,0,1,5,6,7,21,0,8,1,1,2,1,11,2,16,6,3,2,3,2,1
Rock Crystal,392,19,4,3,12,2,0,7,36,2,2,11,0,0,5,3,0,0,1,0,0,12,0,2,0,5,0,1,2,5,0,0,0,1,0,1,0,5,5,2,1,5,1,0,2,0,1,0,0,0,0,3,0,0,0,0,0,0,0,1,0,1,2,2,0,4,0,0,0,0,3,4,1,5,4,2,2,2,0,2,8,4,1,1,1,1,0,1,1,17,11,8,0,0,1,1,1,5,0,0,3,0,0,0,0,1,0,0,1,0,0,0,1,2,0,2,4,1,0,2,1,1,0,0,0,0,0,0,2,0,0,1,3,3,0,0,1,0,1,3,2,2,5,1,1,1,1,0,0,17,1,4,2,3,1,2,1,2,1,20,5,4,4,6,3,3,7,2
Citrine,379,23,15,3,17,19,1,0,21,1,10,3,0,5,7,5,0,0,0,0,0,4,0,3,0,1,0,0,1,4,2,0,0,0,0,0,1,2,4,5,1,0,0,1,0,0,0,2,0,1,0,1,0,0,0,0,0,0,1,0,0,0,1,0,0,2,0,0,0,1,1,0,2,5,1,4,3,2,1,0,3,0,1,0,0,0,0,0,1,17,3,10,0,0,0,1,1,2,4,0,3,0,0,0,1,1,0,1,0,1,0,0,0,3,0,1,1,1,0,0,1,0,1,0,0,1,0,3,1,0,1,0,0,2,1,1,0,0,1,1,1,0,5,1,0,0,1,0,2,9,1,10,9,4,3,1,1,3,2,31,4,4,7,1,10,5,4,3
Lepidolite,378,21,13,11,4,4,3,11,12,1,7,2,2,2,3,3,1,0,2,0,4,5,1,0,0,2,1,0,3,2,1,0,1,0,0,0,0,3,1,0,0,4,4,2,0,0,0,0,0,4,0,0,0,0,0,0,0,1,3,3,0,1,0,0,0,3,0,0,1,2,2,2,0,2,6,1,4,2,2,0,1,0,0,0,0,0,0,1,1,25,5,9,2,0,0,1,2,4,3,0,4,1,0,0,0,2,0,0,0,1,0,0,0,2,1,3,2,0,0,2,3,1,0,0,0,0,0,2,0,0,0,0,2,3,1,1,0,0,1,0,5,0,0,0,0,2,1,2,7,4,6,7,5,1,2,6,2,3,0,8,1,18,3,8,13,1,1,11
Onyx,373,23,16,9,4,2,0,2,10,0,1,11,3,10,5,0,2,1,2,1,0,2,0,2,0,4,1,1,1,2,0,0,1,1,0,1,0,0,0,8,3,4,0,0,1,0,0,0,0,0,1,1,0,0,0,0,0,0,0,0,1,3,0,2,4,0,0,0,0,0,1,2,1,3,3,1,0,1,1,1,10,1,1,0,2,0,0,0,1,19,16,7,0,3,0,0,2,2,1,0,4,1,0,0,1,0,0,0,0,0,0,1,0,2,0,0,1,0,1,3,0,0,2,0,0,1,0,0,0,0,0,1,3,2,0,0,1,2,0,0,1,1,3,0,5,0,0,0,9,3,3,15,5,1,4,0,1,0,1,18,8,13,7,8,2,6,4,4
Azurite,370,57,15,10,5,0,2,2,10,1,10,2,0,4,1,8,0,0,0,1,0,3,6,8,0,2,1,0,2,2,2,1,0,0,0,0,0,2,2,2,1,4,5,3,0,0,0,2,0,1,1,1,0,0,0,0,0,0,0,2,0,0,0,2,0,4,0,0,0,1,6,0,0,5,1,1,1,0,0,0,4,4,0,0,1,0,0,2,2,27,8,5,0,12,0,0,1,0,2,0,0,0,1,0,0,0,0,1,0,0,0,0,0,3,0,1,0,0,0,0,1,0,0,0,0,0,0,1,0,0,0,0,1,2,2,1,0,0,1,0,3,0,0,1,2,2,1,1,1,1,1,15,2,1,1,0,0,1,2,8,4,5,4,11,4,11,1,2
Almandine,370,18,5,5,2,1,3,4,12,1,8,0,3,1,0,7,0,0,0,3,0,0,0,8,0,1,0,0,3,2,0,0,0,0,0,0,0,3,1,4,4,1,3,0,1,0,0,1,0,0,1,0,0,0,0,0,0,0,1,1,0,1,0,0,1,0,0,0,0,0,1,3,0,4,1,3,1,3,4,2,4,0,1,0,1,0,0,0,1,17,10,13,0,0,2,2,0,4,3,0,6,1,1,0,0,1,0,0,0,1,0,0,0,2,1,1,0,0,0,3,2,0,4,0,0,0,1,1,0,0,0,0,2,4,0,1,0,1,2,0,0,0,0,1,0,1,1,1,0,8,6,21,12,9,3,1,1,20,4,8,6,13,2,9,3,7,2,6
Granite,367,12,13,13,2,9,1,1,21,0,4,0,1,0,2,10,0,0,1,1,1,5,12,2,0,1,0,0,2,5,1,1,2,3,0,0,0,1,1,1,7,0,4,3,0,0,0,2,1,0,1,0,0,1,0,0,0,0,0,3,2,0,3,1,1,4,0,0,0,0,1,4,1,6,2,5,1,0,0,1,10,2,0,0,0,0,0,4,0,13,13,8,0,0,0,1,1,0,8,0,2,3,1,0,1,1,0,1,0,1,0,1,0,0,0,0,0,0,0,1,0,0,0,0,0,0,0,1,1,0,0,0,0,3,1,0,0,1,0,0,0,3,2,2,1,1,1,2,3,7,3,6,9,6,4,2,0,2,0,10,2,6,3,11,5,7,3,4
Breccia,358,23,7,5,10,3,1,1,16,1,5,4,6,3,2,1,0,0,0,7,0,4,2,5,1,6,2,1,2,2,3,1,0,1,0,0,0,6,1,0,1,1,0,2,0,0,0,0,0,0,1,0,0,0,0,0,1,2,1,4,2,2,0,1,1,0,0,0,0,2,1,3,6,6,3,2,3,2,0,0,4,6,1,0,0,1,0,0,0,10,8,10,0,2,0,1,0,5,0,0,2,0,2,0,0,0,0,0,0,0,0,0,1,0,1,2,2,0,0,3,0,2,3,0,0,1,1,0,0,0,0,0,1,4,1,3,1,1,1,1,1,2,4,1,4,2,1,3,3,6,2,2,5,1,2,3,1,1,0,12,7,7,2,6,7,2,5,6
Magnetite,357,10,12,9,14,6,3,5,15,0,8,8,1,1,3,5,0,0,1,3,1,2,1,1,0,1,0,0,1,2,0,0,2,0,0,1,3,2,2,1,3,0,1,0,0,0,0,2,0,0,0,1,0,0,0,1,0,3,1,1,0,0,2,0,1,6,0,0,0,1,3,6,2,2,1,3,2,2,1,1,5,6,4,3,0,0,0,2,2,26,7,2,0,4,0,1,1,11,3,0,4,1,0,0,2,0,1,0,1,0,0,0,0,2,2,0,0,0,0,1,0,1,0,0,0,0,0,1,1,1,0,1,0,2,0,2,1,0,3,1,2,3,4,0,1,0,2,1,1,2,4,9,6,6,3,0,1,1,3,9,0,4,3,3,3,4,2,5
Sandstone,350,22,16,18,8,13,3,10,24,3,1,2,8,3,4,4,0,0,3,0,1,3,4,2,0,0,0,0,2,0,0,1,2,1,0,0,0,0,1,0,0,1,3,0,1,1,0,1,0,0,0,0,0,0,0,0,0,1,0,0,0,4,1,1,0,0,0,0,0,0,1,2,0,2,4,2,0,0,1,0,2,3,1,0,0,0,0,4,1,13,9,6,0,4,0,0,1,5,7,0,2,0,1,0,0,0,1,2,0,1,0,0,0,2,0,2,2,0,0,1,0,1,1,0,0,0,0,1,0,0,0,0,1,0,0,1,1,1,0,1,0,3,5,1,0,0,0,0,1,4,1,6,1,5,0,3,1,7,2,9,3,10,1,10,4,6,1,3
Milky Quartz,348,29,41,9,14,3,5,12,24,1,11,5,5,0,1,0,0,0,0,0,0,0,1,1,2,2,0,0,2,3,0,2,2,1,0,0,0,3,1,0,2,2,2,1,0,0,0,4,0,0,1,0,0,0,0,0,0,1,0,4,0,0,2,2,2,1,0,0,1,1,4,0,0,4,4,2,0,1,0,6,0,5,0,0,0,0,0,0,3,10,8,6,0,0,0,0,0,1,2,0,1,1,5,1,0,0,0,1,0,1,0,0,0,3,0,2,0,0,0,1,0,0,0,0,0,0,1,1,1,0,0,0,0,2,0,0,0,0,0,1,1,0,3,0,0,0,0,0,0,8,2,0,8,2,2,0,0,2,4,11,4,5,1,2,2,1,2,4
Coquina,335,12,39,5,15,4,1,4,7,0,0,0,0,0,1,5,0,0,2,1,0,0,0,0,0,1,0,1,1,0,0,1,1,2,0,0,0,0,0,1,0,0,1,0,5,0,0,4,0,2,0,1,0,0,0,0,0,0,0,0,1,0,2,0,0,1,0,0,0,0,2,2,0,1,4,2,0,2,1,0,2,0,0,0,0,0,0,0,1,20,3,9,0,0,1,1,0,13,2,1,2,3,0,0,0,0,0,0,0,1,0,0,0,2,0,1,1,0,0,2,0,0,0,0,0,0,3,0,1,0,0,0,2,3,1,0,1,1,0,0,4,0,8,0,3,4,0,1,5,33,3,11,17,2,1,0,0,1,0,9,0,3,3,4,2,1,3,5
Opal,330,13,7,7,1,10,2,2,10,0,8,10,1,7,5,6,0,0,2,1,0,6,0,0,0,1,1,0,5,1,0,1,0,2,1,0,3,1,2,2,3,3,1,0,0,0,0,0,2,3,1,0,0,0,0,0,0,0,6,4,1,1,0,2,1,2,0,0,0,1,1,0,1,1,1,2,1,0,1,2,1,2,0,1,0,1,0,2,0,24,5,20,2,1,1,0,2,3,0,1,0,2,0,0,3,1,0,0,0,1,0,0,1,3,0,0,1,0,0,0,1,0,1,0,0,0,0,0,0,1,0,0,0,2,1,0,0,0,0,0,1,0,1,0,0,0,3,5,1,6,5,1,18,4,7,2,2,3,1,13,3,1,2,1,1,1,3,2
Biotite,326,28,31,4,2,10,4,14,24,1,2,1,0,1,3,0,0,1,2,3,3,3,0,0,2,1,0,0,3,4,0,2,0,2,0,1,1,3,1,0,2,1,2,0,1,0,0,1,0,1,0,1,0,0,0,0,0,0,3,2,0,3,0,0,0,2,0,0,1,0,1,0,1,3,1,2,0,3,3,0,2,0,0,0,1,0,0,1,1,14,3,7,0,0,0,1,2,4,1,1,1,1,0,0,2,0,0,0,0,1,0,0,0,1,0,2,0,0,0,0,0,0,0,1,0,1,0,2,0,0,0,0,0,0,0,0,0,0,0,1,3,3,0,0,0,1,1,2,2,0,2,15,1,3,0,2,3,4,0,11,5,4,1,4,0,2,8,7
Chalk,321,22,8,4,2,9,1,2,3,0,0,1,1,0,1,0,1,0,1,0,5,0,1,0,0,1,2,0,4,0,1,0,1,0,0,0,0,4,2,2,0,1,0,1,2,0,0,0,0,0,1,2,0,0,0,0,0,0,0,3,1,0,0,1,1,2,0,0,0,2,1,1,0,3,4,1,0,2,3,1,5,1,1,2,0,0,0,1,1,25,8,13,0,2,0,0,1,2,3,1,1,1,1,1,1,1,0,0,0,1,0,0,5,1,0,1,1,0,0,1,1,0,0,0,0,1,1,1,0,2,0,2,0,4,1,0,0,0,1,0,2,1,2,1,4,0,0,0,4,16,3,15,4,0,2,2,1,3,3,5,8,5,2,5,14,4,3,4
Oolite,311,32,17,8,6,0,0,0,4,0,3,4,5,0,1,1,0,0,3,0,0,1,2,1,0,2,0,1,1,5,2,1,1,0,0,0,2,1,1,2,2,1,2,0,0,0,0,1,0,0,0,0,0,0,0,0,0,0,3,1,0,1,1,2,0,1,0,0,0,0,0,0,1,2,5,2,0,2,4,0,3,0,0,0,1,0,0,1,0,13,13,12,0,3,0,2,2,6,14,0,3,3,0,0,1,1,0,0,0,0,0,0,0,2,1,0,0,0,0,1,1,1,2,0,0,0,0,0,0,1,0,0,0,0,0,1,0,0,0,0,0,1,7,0,0,1,2,1,4,3,0,8,9,1,6,3,3,1,1,7,6,3,3,1,6,4,1,3
Satin Spar,302,18,7,5,0,1,1,1,0,0,0,0,0,0,0,0,0,0,0,1,2,0,0,4,0,2,1,0,4,3,1,0,0,0,0,0,0,4,1,0,4,0,1,1,0,0,0,1,0,0,1,1,0,0,0,0,0,3,0,8,0,2,1,0,0,1,0,0,1,0,1,0,0,3,2,3,0,0,1,1,3,1,0,0,0,0,0,0,0,20,7,10,4,1,1,2,2,1,4,0,0,2,0,0,1,1,0,0,0,0,0,2,0,3,1,1,1,0,0,1,0,0,0,0,0,1,1,2,1,1,0,1,1,1,0,0,2,2,2,0,1,5,2,0,5,1,0,0,3,19,1,8,1,3,1,0,0,9,2,12,9,21,2,8,6,2,2,3
Pumice,294,12,7,1,2,5,0,1,5,0,3,11,3,3,9,1,0,1,0,0,0,2,1,3,0,4,0,1,0,0,2,0,2,0,0,0,0,2,1,0,0,1,1,0,0,0,0,10,0,0,0,0,0,0,0,0,0,2,0,2,0,0,0,0,0,3,0,0,0,0,0,1,0,2,4,0,0,4,1,2,1,0,0,1,1,0,0,0,2,23,6,7,0,3,0,3,2,0,2,0,1,0,0,0,0,0,1,0,1,0,0,1,1,4,2,1,3,0,0,2,0,1,0,0,0,1,0,0,1,1,0,0,1,1,0,0,0,0,1,1,0,4,7,0,0,1,0,0,4,10,2,7,11,11,8,0,3,1,2,8,4,4,0,5,4,0,2,5
Ulexite,289,8,24,5,13,2,2,1,11,1,9,1,5,5,1,3,0,0,0,0,1,0,5,0,0,2,0,0,0,1,1,0,0,0,1,0,3,4,0,1,2,1,1,1,0,0,0,0,0,0,0,0,0,0,0,0,0,0,3,1,1,4,1,0,2,5,0,0,0,1,0,2,0,5,3,0,0,1,2,0,5,1,0,0,0,0,0,1,2,24,6,7,2,2,0,0,1,0,2,1,5,0,0,0,2,0,0,1,0,0,0,0,0,1,0,2,0,0,0,2,1,0,0,0,0,5,0,1,0,0,0,0,2,3,0,1,0,1,1,0,1,0,1,0,0,0,0,0,0,7,11,3,4,6,0,1,4,2,0,4,5,1,1,0,3,2,3,2
Garnet Schist,288,8,5,2,3,0,0,1,1,0,2,2,0,0,0,1,0,0,0,0,0,2,0,2,0,5,0,0,1,3,1,1,0,1,0,1,1,1,0,2,1,0,0,0,0,0,0,0,0,1,2,0,0,0,0,0,0,2,1,6,0,0,0,1,1,1,0,0,0,2,0,0,0,3,1,1,2,3,1,0,2,2,0,0,0,0,0,0,1,23,7,3,0,0,0,0,0,9,1,0,4,6,2,0,2,0,0,0,0,1,2,0,1,4,0,3,0,0,0,1,0,2,0,0,0,0,0,1,0,0,3,0,0,3,0,0,2,1,0,1,1,0,5,0,6,0,1,0,2,13,0,2,16,4,4,1,1,4,1,22,1,5,2,12,7,9,2,5
Bauxite,283,7,7,1,4,3,1,4,16,1,12,1,7,0,5,12,0,0,0,5,1,0,6,1,0,3,1,1,1,0,5,0,0,2,0,0,4,1,1,1,6,0,2,0,6,0,0,1,0,0,1,0,0,0,0,0,0,0,1,5,0,0,0,2,0,1,0,0,0,0,0,0,0,3,1,0,1,0,0,0,2,0,2,1,0,1,0,0,0,16,9,3,0,0,0,0,2,3,1,0,1,5,1,1,0,0,0,0,1,1,1,1,0,2,0,2,1,0,0,1,1,0,1,0,0,0,0,2,0,1,0,1,5,2,1,0,0,1,0,0,1,2,5,0,3,2,3,0,0,1,2,9,3,0,0,0,2,1,0,17,0,5,0,2,2,2,1,3
Jasper,273,4,9,4,5,2,3,3,8,4,9,6,0,8,3,1,0,0,1,2,0,2,1,5,0,1,1,0,1,8,3,1,0,1,0,0,0,5,0,0,1,1,1,0,0,0,0,2,0,0,0,0,0,0,0,0,0,0,5,1,0,0,0,0,0,0,0,0,0,0,4,0,0,2,5,4,0,0,2,0,1,1,0,2,0,0,0,0,1,31,3,4,0,0,0,0,0,4,1,0,2,0,3,0,1,0,0,0,0,0,1,0,0,2,0,1,2,0,1,1,0,1,1,0,0,0,0,1,0,1,0,0,0,0,0,1,0,0,1,0,0,2,5,2,1,0,1,0,7,4,2,11,7,0,1,2,1,3,1,4,1,5,3,2,0,3,4,4
Tourmaline Group,266,14,16,5,4,2,1,3,7,0,0,1,2,0,1,3,2,0,1,1,0,1,0,3,0,0,1,0,2,1,0,1,0,0,0,0,0,8,0,6,1,0,1,0,1,0,0,0,0,4,1,1,0,0,0,0,1,1,0,3,0,1,0,0,1,2,0,0,1,0,0,3,0,2,3,3,0,1,0,1,2,0,0,0,0,0,0,0,0,29,3,7,0,0,1,1,0,4,2,0,0,1,0,0,2,0,0,0,0,0,0,0,0,2,1,3,1,0,0,0,0,0,0,0,0,0,0,0,0,4,0,0,0,1,0,0,0,0,0,0,1,0,1,0,1,4,0,0,1,2,7,2,6,0,4,5,1,4,0,6,3,6,1,13,6,0,3,7
Fossiliferous Limestone,266,7,3,4,5,1,0,0,4,0,0,0,0,2,2,1,1,0,2,1,0,1,5,2,0,1,0,0,0,2,2,0,0,0,0,1,0,8,0,5,2,3,4,1,4,0,0,0,2,4,0,1,0,0,0,1,0,0,0,0,0,2,2,0,0,2,0,0,0,2,6,1,0,4,2,8,0,1,0,0,1,1,1,0,1,0,0,2,0,18,11,8,0,0,1,0,0,2,1,0,0,0,0,0,2,0,1,1,0,0,0,0,0,3,0,1,0,0,0,1,0,0,1,0,0,0,0,0,0,1,0,0,0,1,0,1,0,1,1,0,0,1,3,0,1,0,0,1,5,10,6,1,13,4,1,0,1,2,2,12,2,11,0,1,4,6,1,4
Diamond,243,8,8,9,7,2,3,0,15,1,3,0,4,5,1,4,1,1,1,1,0,1,6,4,0,2,1,1,0,2,0,0,1,1,0,0,0,2,0,2,2,4,0,0,0,0,0,0,0,0,1,1,0,0,0,0,0,3,0,0,0,1,0,1,0,0,0,0,0,1,0,2,0,3,1,1,0,1,1,1,0,0,0,0,0,0,0,0,0,20,6,11,0,0,0,1,1,1,4,0,3,0,0,0,2,2,0,0,1,0,2,0,0,0,0,1,4,0,0,0,0,0,0,0,0,0,1,0,2,0,0,0,0,1,0,0,0,1,1,0,1,1,4,2,0,1,0,0,0,5,2,2,9,6,0,0,0,1,0,6,3,3,0,3,2,3,2,1
Staurolite,242,14,18,14,0,0,0,0,3,0,2,2,0,0,4,6,0,0,1,0,2,5,0,9,0,1,0,0,4,1,1,1,0,0,0,0,0,0,1,6,1,0,0,0,0,0,0,2,0,1,1,0,0,0,0,0,0,0,0,0,0,0,0,0,0,1,0,0,1,0,2,1,0,1,4,1,1,0,0,0,3,0,0,1,0,2,0,3,0,20,1,6,0,0,1,1,1,6,1,0,0,1,0,0,0,0,0,0,1,0,0,0,0,1,0,2,1,0,1,0,1,1,3,0,0,0,0,1,1,0,0,0,1,3,1,0,0,0,0,0,2,1,3,0,0,0,0,0,0,2,5,11,2,3,0,1,0,3,6,11,1,1,1,4,2,1,1,4
Rhodonite,238,8,14,9,7,4,4,2,7,1,1,5,0,1,1,0,0,0,3,0,2,0,2,0,0,3,0,0,1,2,1,0,1,0,0,0,0,1,2,2,1,0,1,0,0,1,0,0,0,0,0,0,0,0,0,0,1,1,1,0,0,1,0,1,0,1,0,0,0,1,5,1,0,3,4,3,0,2,0,0,4,0,0,0,0,1,0,1,0,11,10,4,0,0,0,3,2,6,1,0,0,0,0,0,1,0,1,0,0,0,0,0,0,2,0,5,0,0,0,3,0,0,0,0,0,0,0,2,0,0,0,0,1,2,0,0,0,0,0,0,2,0,5,0,1,0,1,1,0,1,2,6,2,1,5,1,0,7,2,8,1,0,8,2,3,3,2,2
Arkose,236,5,1,2,1,0,1,0,2,0,5,2,0,0,0,0,0,0,1,0,1,0,0,1,0,4,1,1,3,1,1,0,1,1,0,0,0,1,1,0,0,1,0,0,1,0,0,1,0,0,0,0,0,0,0,0,0,1,3,1,0,0,0,1,2,0,0,0,0,0,5,1,1,2,1,1,0,2,1,1,1,0,1,1,0,0,0,2,1,31,10,6,0,0,0,0,2,1,0,1,0,1,0,0,1,0,0,0,0,0,0,0,0,3,1,2,0,0,0,0,0,0,0,0,1,1,0,0,0,4,0,0,0,2,1,0,1,0,0,0,1,0,0,0,0,1,3,0,6,1,3,19,2,3,0,0,3,4,6,24,4,0,7,1,5,2,1,2
Diorite,224,11,10,1,4,1,2,4,5,0,2,3,0,0,0,1,0,0,1,0,2,0,1,0,0,8,0,1,0,6,2,2,0,1,0,1,1,0,0,7,2,1,0,0,1,0,0,3,0,0,0,1,0,0,0,0,0,1,0,0,0,2,0,0,0,1,0,0,0,0,0,2,0,2,0,1,3,1,0,0,0,3,1,0,0,1,0,1,0,10,5,2,0,0,1,0,2,1,3,1,1,1,0,0,1,0,0,0,0,0,1,0,1,4,0,3,2,0,0,1,1,0,0,0,0,0,1,0,0,0,0,2,0,1,1,0,0,0,0,0,3,2,4,1,0,1,0,1,1,3,3,9,7,3,1,1,0,3,0,12,2,6,1,1,5,1,1,2
Sulfur,220,11,6,6,5,2,0,4,14,0,2,0,2,0,3,0,0,0,0,0,5,3,0,0,0,3,0,0,2,0,0,0,0,0,0,0,0,8,0,2,4,2,1,0,0,0,0,0,0,0,0,0,0,0,0,0,0,0,0,0,0,1,2,0,0,2,0,0,1,0,0,0,0,0,0,0,0,1,0,0,0,1,0,0,0,0,0,0,0,8,1,11,0,1,0,0,0,0,5,0,1,0,1,1,1,0,0,1,0,0,0,0,0,3,0,1,0,0,0,3,0,1,0,0,0,0,0,0,0,0,0,0,0,0,0,0,1,0,0,0,1,1,1,0,10,1,1,0,5,7,2,9,3,0,3,6,0,0,2,16,5,8,1,0,4,0,0,1
Agate,219,11,4,3,2,1,1,3,6,0,0,0,0,0,10,4,0,2,3,0,1,0,0,0,0,0,1,2,0,5,1,0,0,0,0,0,0,2,0,1,3,0,0,0,0,0,0,0,0,2,0,1,1,0,0,0,0,0,3,0,0,0,0,0,0,1,0,0,0,0,7,2,0,4,2,2,1,0,0,1,2,0,1,0,0,0,0,1,1,15,3,2,0,1,0,1,0,1,0,0,1,1,0,0,0,0,0,0,0,0,0,1,0,3,0,1,0,0,0,0,1,0,0,0,0,3,1,2,0,0,0,0,0,1,1,1,0,1,0,0,0,0,1,0,0,0,0,1,5,1,0,3,6,1,2,1,2,4,2,17,2,18,0,6,2,2,2,2
Silver,214,33,19,4,2,1,2,11,2,0,2,3,0,3,1,0,0,0,1,0,0,1,0,2,0,1,2,1,0,1,1,1,0,1,0,0,0,0,0,0,1,1,0,1,0,1,0,1,1,1,0,0,0,0,0,0,0,0,4,0,0,0,0,1,0,0,0,0,0,0,1,2,0,5,2,4,0,1,0,1,1,1,1,1,1,0,0,1,1,6,5,4,0,2,0,0,1,7,0,1,1,0,0,0,0,0,0,0,0,0,0,1,0,1,0,2,2,0,0,1,0,0,0,0,0,0,0,1,0,0,0,1,0,4,0,0,0,1,0,1,4,0,2,0,0,0,2,0,2,1,9,1,1,0,0,0,0,2,0,6,0,5,0,2,1,1,1,2
Obsidian,207,22,10,1,13,2,1,4,4,0,0,2,0,1,1,6,0,0,0,1,0,3,0,0,0,3,1,0,2,4,6,0,0,0,0,0,0,2,0,3,2,0,2,0,0,0,0,1,0,0,0,0,0,0,0,1,0,0,0,0,0,0,0,1,0,0,0,0,0,1,4,0,0,3,1,2,0,1,0,2,0,2,0,0,0,0,0,0,0,14,2,14,0,0,0,0,1,7,0,0,2,2,0,0,0,0,0,1,0,0,0,2,0,1,0,1,2,0,0,0,0,0,0,0,0,0,0,0,0,0,0,0,0,1,0,1,1,0,0,0,1,2,2,0,4,1,1,0,0,1,2,2,2,0,2,1,0,1,0,3,4,2,2,1,1,0,3,2
Amazonite,187,6,4,6,4,2,2,0,4,0,1,3,0,1,0,0,0,0,0,0,0,0,2,0,0,0,0,0,2,1,0,0,0,0,0,0,0,0,0,1,1,0,1,0,0,0,0,1,0,3,0,1,0,0,0,0,0,0,2,0,0,0,0,1,1,2,0,0,0,0,0,0,0,2,1,1,1,0,0,0,0,0,0,1,0,1,0,1,0,8,6,5,0,0,1,2,1,3,3,0,1,0,0,0,1,0,0,1,0,0,0,0,0,1,0,2,0,0,0,1,0,0,0,0,0,0,0,0,1,1,1,0,0,2,1,0,0,0,0,0,1,1,2,0,0,0,1,0,0,2,0,5,0,2,0,1,0,11,2,28,4,6,2,11,1,1,1,3
Copper,166,9,4,2,2,3,0,0,12,0,2,0,0,0,4,6,0,0,0,0,1,3,0,1,0,0,0,3,0,1,0,0,0,0,0,0,0,1,0,4,2,2,1,1,0,0,0,0,0,0,2,0,0,0,0,0,0,1,1,0,0,0,0,0,0,0,0,0,0,0,0,1,0,1,2,1,0,2,2,0,2,0,1,1,0,0,0,0,0,9,0,8,0,0,0,1,0,4,2,0,1,0,0,0,0,0,0,0,0,0,0,0,0,1,0,3,1,0,0,1,0,0,0,0,0,0,0,0,0,0,0,0,0,3,1,0,0,0,1,0,0,1,0,1,0,0,1,0,6,3,3,1,0,0,1,0,0,1,0,6,5,3,2,2,4,2,7,0
Olivine,157,4,4,1,4,3,4,4,31,0,7,4,1,0,0,3,0,0,0,0,1,0,1,1,0,0,0,0,0,0,0,0,0,0,1,1,0,0,0,0,0,0,0,0,0,0,0,0,0,0,0,0,1,0,0,0,0,0,0,0,1,0,0,0,0,1,0,0,0,0,0,0,1,4,1,1,0,1,0,0,0,0,0,1,0,0,0,0,0,3,2,5,0,0,0,1,1,0,0,0,0,2,0,0,0,0,0,0,1,0,0,0,0,1,1,0,0,0,0,0,1,0,0,0,0,0,0,0,1,0,0,0,1,1,0,0,1,0,0,0,0,1,0,0,0,0,0,0,0,0,0,4,7,1,1,0,1,3,0,6,0,7,0,11,0,0,0,6
Halite,153,5,13,2,2,3,0,1,11,0,4,8,0,2,0,2,0,0,0,0,0,2,0,2,1,2,0,0,2,0,1,0,0,0,0,0,0,0,0,1,0,0,0,0,1,0,0,0,0,1,2,0,0,0,0,0,0,0,2,2,0,0,0,0,0,0,0,0,0,0,0,0,0,1,1,0,0,2,3,1,0,1,0,0,1,1,0,1,0,5,1,5,0,0,0,0,2,3,0,0,0,0,0,0,0,0,0,0,0,0,0,0,0,2,0,1,0,0,0,0,0,0,0,0,0,0,0,0,0,1,0,1,1,2,0,0,0,0,1,0,1,1,1,1,0,1,0,0,2,1,1,2,1,2,0,0,1,0,1,14,0,2,0,2,0,7,2,1
Pyrite,142,8,2,4,5,0,1,4,2,0,1,0,0,0,2,0,0,0,2,2,0,6,1,1,0,2,0,0,1,2,1,0,1,0,0,0,0,0,1,0,1,0,0,0,0,0,0,0,0,0,0,0,0,0,0,0,0,0,4,2,0,2,0,0,0,2,0,0,0,0,0,0,0,4,2,2,0,1,0,1,0,0,0,0,0,1,0,1,0,5,9,2,0,0,0,1,0,3,1,0,1,4,0,0,0,0,1,2,0,0,0,0,0,3,0,0,0,0,0,1,0,0,1,0,0,0,0,1,0,0,1,0,0,0,0,0,0,0,0,0,0,0,0,2,1,0,1,1,1,1,0,0,2,0,2,0,1,1,3,1,2,1,3,4,2,2,0,3
Malachite,138,5,4,6,2,0,0,0,4,1,3,1,0,1,0,0,4,1,1,0,0,0,0,1,0,1,0,0,3,2,0,0,1,1,0,0,0,1,0,1,2,0,1,0,0,0,0,0,0,1,0,0,0,0,0,0,0,1,0,0,0,2,0,1,0,0,0,0,0,1,1,0,0,1,4,0,0,1,0,0,0,0,0,0,0,0,0,0,1,4,5,4,0,0,0,0,0,7,1,0,0,0,0,0,0,0,0,0,0,0,0,0,0,3,0,2,0,0,0,0,0,0,0,0,0,0,0,0,0,0,0,0,1,1,0,1,0,0,0,0,1,0,0,0,0,0,0,1,7,0,0,6,3,0,3,0,1,0,3,12,3,1,0,2,1,2,2,0
Rose Quartz,123,10,4,0,3,1,1,2,2,1,0,4,1,0,0,1,0,0,0,0,0,0,0,0,0,0,0,0,0,2,0,0,0,0,0,0,0,1,2,0,0,0,1,0,2,0,0,0,0,0,0,0,0,0,0,0,0,1,0,0,0,0,0,0,1,1,0,0,0,1,0,0,0,1,0,0,0,1,0,3,0,2,0,0,0,0,0,0,1,12,3,2,0,0,0,0,0,0,0,0,1,0,0,0,1,0,0,0,0,0,0,0,0,2,0,0,0,0,0,1,0,0,0,0,0,0,0,0,0,1,1,0,0,2,0,0,0,0,0,0,1,0,4,1,0,0,0,0,1,0,0,3,4,0,0,0,2,1,1,8,1,16,0,1,0,0,2,1
Gold,119,10,8,3,4,0,1,1,4,2,1,4,0,0,3,4,0,0,0,0,2,1,1,0,0,1,1,0,2,0,0,0,1,0,0,0,0,0,0,1,1,0,0,0,0,0,0,0,0,0,1,0,0,0,0,0,0,0,3,2,0,0,0,2,0,0,0,0,0,0,0,0,0,3,1,0,1,0,1,0,1,0,1,0,0,1,0,1,0,4,0,1,1,0,0,0,0,0,1,0,0,0,0,0,0,0,0,0,0,0,0,0,0,1,0,0,0,0,0,0,0,0,1,0,0,1,0,0,0,0,0,0,0,0,0,1,0,0,0,0,1,2,1,0,0,0,0,1,1,2,1,4,1,0,0,0,0,1,0,4,0,7,0,4,2,1,0,1
Amethyst,77,5,6,0,3,1,0,1,1,0,1,0,0,0,2,0,0,0,0,0,0,1,0,3,0,0,0,0,1,0,0,0,0,1,0,1,0,0,0,0,1,0,2,0,0,0,0,0,0,2,0,1,0,0,0,0,0,0,0,0,0,0,0,1,1,0,0,0,0,1,1,0,0,1,2,2,0,1,0,0,1,0,0,2,0,0,0,0,0,3,2,1,0,0,1,0,0,0,0,0,0,0,0,0,0,0,0,0,0,0,0,0,0,1,0,0,0,0,0,0,0,0,0,0,0,0,0,1,0,1,0,0,0,0,0,0,0,0,0,0,0,0,0,0,0,0,4,0,0,0,0,0,1,1,0,1,2,2,0,4,0,1,0,2,0,1,1,1
